"sai_name";"sai_emu_nameshort";"gr_year";"grsa_lfs_code";"gr_number";"length_mm";"weight_g";"age_year";"female_proportion";"differentiated_proportion";"f_mean_length_mm";"f_mean_weight_g";"f_mean_age_year";"m_mean_length_mm";"m_mean_weight_g";"m_mean_age_year";"anguillicola_proportion";"anguillicola_intensity";"muscle_lipid_fatmeter_perc";"muscle_lipid_gravimeter_perc";"sum_6_pcb";"teq";"evex_proportion";"hva_proportion";"pb";"hg";"cd";"g_in_gy_proportion";"s_in_ys_proportion";"gr_comment"
"DE_Eide_Eider_DCF_F_S";"DE_Eide";2011;"S";63;543.619047619048;351.519047619048;10.5396825396825;0.650793650793651;1;620.55487804878;480.928292682927;11.0243902439024;400.238636363636;110.347272727273;9.63636363636364;0.864406779661017;0.864406779661017;24.671186440678;NA;NA;21.8551395097674;NA;NA;NA;NA;NA;NA;NA;"Not necessarily representative for EMU, summarizes all landings sub-samples from single or multiple fishermen in this EMU, which are considered representative of these catches. Hence, quality data does not comprise all available quality data in this EMU, these are reported in seperate (QUAL) series"
"DE_Eide_Eider_DCF_F_S";"DE_Eide";2012;"S";27;630.518518518518;538.088740740741;15.7037037037037;0.925925925925926;1;649.36;571.65584;16.12;395;118.5;10.5;0.909090909090909;0.909090909090909;24.8222222222222;NA;NA;NA;NA;NA;NA;NA;NA;NA;NA;"Not necessarily representative for EMU, summarizes all landings sub-samples from single or multiple fishermen in this EMU, which are considered representative of these catches. Hence, quality data does not comprise all available quality data in this EMU, these are reported in seperate (QUAL) series"
"DE_Eide_Eider_DCF_F_S";"DE_Eide";2013;"S";29;743.103448275862;793.655172413793;16.8275862068966;1;1;743.103448275862;793.655172413793;16.8275862068966;NA;NA;NA;0;0;NA;NA;NA;NA;NA;NA;NA;NA;NA;NA;NA;"Not necessarily representative for EMU, summarizes all landings sub-samples from single or multiple fishermen in this EMU, which are considered representative of these catches. Hence, quality data does not comprise all available quality data in this EMU, these are reported in seperate (QUAL) series"
"DE_Eide_Eider_DCF_F_S";"DE_Eide";2014;"S";48;749.744791666667;856.473916666667;16.8297872340426;1;1;749.744791666667;856.473916666667;16.8297872340426;NA;NA;NA;NA;NA;NA;NA;NA;NA;NA;NA;NA;NA;NA;NA;NA;"Not necessarily representative for EMU, summarizes all landings sub-samples from single or multiple fishermen in this EMU, which are considered representative of these catches. Hence, quality data does not comprise all available quality data in this EMU, these are reported in seperate (QUAL) series"
"DE_Eide_Eider_DCF_F_S";"DE_Eide";2015;"S";58;729.655172413793;804.98275862069;16.0526315789474;1;1;729.655172413793;804.98275862069;16.0526315789474;NA;NA;NA;NA;NA;21.3424242424242;NA;NA;NA;NA;NA;NA;NA;NA;NA;NA;"Not necessarily representative for EMU, summarizes all landings sub-samples from single or multiple fishermen in this EMU, which are considered representative of these catches. Hence, quality data does not comprise all available quality data in this EMU, these are reported in seperate (QUAL) series"
"DE_Eide_Eider_DCF_F_S";"DE_Eide";2016;"S";30;651.666666666667;541.633333333333;NA;1;1;651.666666666667;541.633333333333;NA;NA;NA;NA;NA;NA;NA;NA;NA;NA;NA;NA;NA;NA;NA;NA;NA;"Not necessarily representative for EMU, summarizes all landings sub-samples from single or multiple fishermen in this EMU, which are considered representative of these catches. Hence, quality data does not comprise all available quality data in this EMU, these are reported in seperate (QUAL) series"
"DE_Eide_Eider_DCF_F_S";"DE_Eide";2019;"S";19;669.31052631579;675.526315789474;NA;0.894736842105263;NA;703.376470588235;741.117647058824;NA;379.75;118;NA;NA;NA;NA;NA;NA;NA;NA;NA;NA;NA;NA;NA;NA;"Not necessarily representative for EMU, summarizes all landings sub-samples from single or multiple fishermen in this EMU, which are considered representative of these catches. Hence, quality data does not comprise all available quality data in this EMU, these are reported in seperate (QUAL) series"
"DE_Eide_Eider_DCF_F_Y";"DE_Eide";2011;"Y";72;533.118055555556;291.829777777778;8.22222222222222;0.955223880597015;0.930555555555556;556.6328125;319.230375;8.65625;380;105.333333333333;6;0.716417910447761;0.716417910447761;19.8347222222222;NA;NA;NA;NA;NA;NA;257.254778723073;NA;NA;NA;"Not necessarily representative for EMU, summarizes all landings sub-samples from single or multiple fishermen in this EMU, which are considered representative of these catches. Hence, quality data does not comprise all available quality data in this EMU, these are reported in seperate (QUAL) series"
"DE_Eide_Eider_DCF_F_Y";"DE_Eide";2012;"Y";72;505.767361111111;234.196833333333;8.92957746478873;0.972222222222222;1;508.503571428571;237.788171428571;9.01449275362319;410;108.5;6;0.580645161290323;0.580645161290323;19.5986111111111;NA;NA;NA;NA;NA;NA;NA;NA;NA;NA;"Not necessarily representative for EMU, summarizes all landings sub-samples from single or multiple fishermen in this EMU, which are considered representative of these catches. Hence, quality data does not comprise all available quality data in this EMU, these are reported in seperate (QUAL) series"
"DE_Eide_Eider_DCF_F_Y";"DE_Eide";2013;"Y";25;621.2;437.6;13;1;1;621.2;437.6;13;NA;NA;NA;0.818181818181818;0.818181818181818;NA;NA;NA;NA;NA;NA;NA;NA;NA;NA;NA;"Not necessarily representative for EMU, summarizes all landings sub-samples from single or multiple fishermen in this EMU, which are considered representative of these catches. Hence, quality data does not comprise all available quality data in this EMU, these are reported in seperate (QUAL) series"
"DE_Eide_Eider_DCF_F_Y";"DE_Eide";2014;"Y";58;431.090517241379;140.938413793103;6.54285714285714;0.982758620689655;1;431.635964912281;141.586456140351;6.52941176470588;400;104;7;NA;NA;NA;NA;NA;NA;NA;NA;NA;NA;NA;NA;NA;"Not necessarily representative for EMU, summarizes all landings sub-samples from single or multiple fishermen in this EMU, which are considered representative of these catches. Hence, quality data does not comprise all available quality data in this EMU, these are reported in seperate (QUAL) series"
"DE_Eide_Eider_DCF_F_Y";"DE_Eide";2015;"Y";39;621.025641025641;463.410256410256;11.7435897435897;1;1;621.025641025641;463.410256410256;11.7435897435897;NA;NA;NA;NA;NA;17.19;NA;NA;NA;NA;NA;NA;NA;NA;NA;NA;"Not necessarily representative for EMU, summarizes all landings sub-samples from single or multiple fishermen in this EMU, which are considered representative of these catches. Hence, quality data does not comprise all available quality data in this EMU, these are reported in seperate (QUAL) series"
"DE_Eide_Eider_DCF_F_Y";"DE_Eide";2016;"Y";28;636.785714285714;484.607142857143;NA;1;1;636.785714285714;484.607142857143;NA;NA;NA;NA;NA;NA;NA;NA;NA;NA;NA;NA;NA;NA;NA;NA;NA;"Not necessarily representative for EMU, summarizes all landings sub-samples from single or multiple fishermen in this EMU, which are considered representative of these catches. Hence, quality data does not comprise all available quality data in this EMU, these are reported in seperate (QUAL) series"
"DE_Eide_Eider_DCF_F_Y";"DE_Eide";2019;"Y";46;634.958695652174;504.608695652174;NA;NA;NA;NA;NA;NA;NA;NA;NA;NA;NA;NA;NA;NA;NA;NA;NA;NA;NA;NA;NA;NA;"Not necessarily representative for EMU, summarizes all landings sub-samples from single or multiple fishermen in this EMU, which are considered representative of these catches. Hence, quality data does not comprise all available quality data in this EMU, these are reported in seperate (QUAL) series"
"DE_Eide_Eider_QUAL_hg_F_Y";"DE_Eide";2011;"Y";5;572;300.4;8.6;1;1;572;300.4;8.6;NA;NA;NA;0.8;0.8;19.72;NA;NA;NA;NA;NA;NA;257.254778723073;NA;NA;NA;"Not necessarily representative for EMU, summarizes data of all eels sampled for the respective quality indicator within the DCF in the respective year. Samples were likely selected due to pre-defined criteria (e.g. large silver eels), depending on the intention of sampling"
"DE_Eide_Eider_QUAL_teq_F_S";"DE_Eide";2011;"S";5;662.15;544.84;13.8;1;1;662.15;544.84;13.8;NA;NA;NA;1;1;21.46;NA;NA;21.8551395097674;NA;NA;NA;NA;NA;NA;NA;"Not necessarily representative for EMU, summarizes data of all eels sampled for the respective quality indicator within the DCF in the respective year. Samples were likely selected due to pre-defined criteria (e.g. large silver eels), depending on the intention of sampling"
"DE_Elbe_Elbe_DCF_F_S";"DE_Elbe";2011;"S";14;620;591.785714285714;8.28571428571429;0.714285714285714;1;716;790.4;9.5;380;95.25;5.25;0.642857142857143;0.642857142857143;23.4428571428571;27.6;NA;65.2124391836593;NA;NA;219.374;324.524508915636;3.408;NA;NA;"Not necessarily representative for EMU, summarizes all landings sub-samples from single or multiple fishermen in this EMU, which are considered representative of these catches. Hence, quality data does not comprise all available quality data in this EMU, these are reported in seperate (QUAL) series"
"DE_Elbe_Elbe_DCF_F_S";"DE_Elbe";2012;"S";1;390;114;5;0;1;NA;NA;NA;390;114;5;1;1;31.2;NA;NA;NA;NA;NA;NA;NA;NA;NA;NA;"Not necessarily representative for EMU, summarizes all landings sub-samples from single or multiple fishermen in this EMU, which are considered representative of these catches. Hence, quality data does not comprise all available quality data in this EMU, these are reported in seperate (QUAL) series"
"DE_Elbe_Elbe_DCF_F_S";"DE_Elbe";2013;"S";20;740;782.7;12.8;1;1;740;782.7;12.8;NA;NA;NA;NA;NA;NA;NA;NA;NA;NA;NA;NA;NA;NA;NA;NA;"Not necessarily representative for EMU, summarizes all landings sub-samples from single or multiple fishermen in this EMU, which are considered representative of these catches. Hence, quality data does not comprise all available quality data in this EMU, these are reported in seperate (QUAL) series"
"DE_Elbe_Elbe_DCF_F_S";"DE_Elbe";2014;"S";15;680.666666666667;749.933333333333;13.1333333333333;1;1;680.666666666667;749.933333333333;13.1333333333333;NA;NA;NA;NA;NA;NA;NA;NA;NA;NA;NA;NA;NA;NA;NA;NA;"Not necessarily representative for EMU, summarizes all landings sub-samples from single or multiple fishermen in this EMU, which are considered representative of these catches. Hence, quality data does not comprise all available quality data in this EMU, these are reported in seperate (QUAL) series"
"DE_Elbe_Elbe_DCF_F_S";"DE_Elbe";2015;"S";3;520;258.666666666667;6.66666666666667;0.666666666666667;1;585;343.5;8;390;89;4;NA;NA;27.0666666666667;NA;NA;NA;NA;NA;NA;NA;NA;NA;NA;"Not necessarily representative for EMU, summarizes all landings sub-samples from single or multiple fishermen in this EMU, which are considered representative of these catches. Hence, quality data does not comprise all available quality data in this EMU, these are reported in seperate (QUAL) series"
"DE_Elbe_Elbe_DCF_F_S";"DE_Elbe";2016;"S";7;585.714285714286;383.428571428571;NA;0.857142857142857;1;616.666666666667;429.666666666667;NA;400;106;NA;NA;NA;24.1571428571429;NA;NA;NA;NA;NA;NA;NA;NA;NA;NA;"Not necessarily representative for EMU, summarizes all landings sub-samples from single or multiple fishermen in this EMU, which are considered representative of these catches. Hence, quality data does not comprise all available quality data in this EMU, these are reported in seperate (QUAL) series"
"DE_Elbe_Elbe_DCF_F_S";"DE_Elbe";2017;"S";119;637.400672268908;494.512605042017;NA;0.873949579831933;NA;669.82125;548.134615384615;NA;412.618;122.733333333333;NA;NA;NA;NA;NA;NA;NA;NA;NA;NA;NA;NA;NA;NA;"Not necessarily representative for EMU, summarizes all landings sub-samples from single or multiple fishermen in this EMU, which are considered representative of these catches. Hence, quality data does not comprise all available quality data in this EMU, these are reported in seperate (QUAL) series"
"DE_Elbe_Elbe_DCF_F_Y";"DE_Elbe";2011;"Y";119;570.161764705882;351.530789915966;8.82456140350877;0.930434782608696;0.966386554621849;590.647196261682;378.650130841121;9.14563106796117;385;103.625;5.57142857142857;0.801724137931034;0.801724137931034;23.2075630252101;27.3846153846154;NA;61.9162047107428;NA;NA;108.699259259259;413.581184346218;50.0348148148148;NA;NA;"Not necessarily representative for EMU, summarizes all landings sub-samples from single or multiple fishermen in this EMU, which are considered representative of these catches. Hence, quality data does not comprise all available quality data in this EMU, these are reported in seperate (QUAL) series"
"DE_Elbe_Elbe_DCF_F_Y";"DE_Elbe";2012;"Y";101;434.455445544554;166.039603960396;6.07;0.894736842105263;0.767676767676768;471.617647058824;208.014705882353;6.46268656716418;350;80.75;5.875;0.802083333333333;0.802083333333333;19.9350515463918;NA;NA;NA;NA;NA;NA;NA;NA;NA;NA;"Not necessarily representative for EMU, summarizes all landings sub-samples from single or multiple fishermen in this EMU, which are considered representative of these catches. Hence, quality data does not comprise all available quality data in this EMU, these are reported in seperate (QUAL) series"
"DE_Elbe_Elbe_DCF_F_Y";"DE_Elbe";2013;"Y";76;543.082236842105;333.355947368421;8.45333333333333;0.973684210526316;1;548.189189189189;340.221243243243;8.56164383561644;354.125;79.34;4.5;0.8;0.8;NA;NA;NA;NA;NA;NA;NA;NA;NA;NA;NA;"Not necessarily representative for EMU, summarizes all landings sub-samples from single or multiple fishermen in this EMU, which are considered representative of these catches. Hence, quality data does not comprise all available quality data in this EMU, these are reported in seperate (QUAL) series"
"DE_Elbe_Elbe_DCF_F_Y";"DE_Elbe";2014;"Y";58;382.413793103448;79.3793103448276;4.64;0.706896551724138;1;393.170731707317;85;4.74285714285714;356.470588235294;65.8235294117647;4.4;NA;NA;NA;NA;NA;NA;NA;NA;NA;NA;NA;NA;NA;"Not necessarily representative for EMU, summarizes all landings sub-samples from single or multiple fishermen in this EMU, which are considered representative of these catches. Hence, quality data does not comprise all available quality data in this EMU, these are reported in seperate (QUAL) series"
"DE_Elbe_Elbe_DCF_F_Y";"DE_Elbe";2015;"Y";36;511.388888888889;275.388888888889;7.44444444444444;0.972222222222222;1;514.285714285714;279.342857142857;7.48571428571429;410;137;6;NA;NA;25.1828571428571;NA;NA;NA;NA;NA;NA;NA;NA;NA;NA;"Not necessarily representative for EMU, summarizes all landings sub-samples from single or multiple fishermen in this EMU, which are considered representative of these catches. Hence, quality data does not comprise all available quality data in this EMU, these are reported in seperate (QUAL) series"
"DE_Elbe_Elbe_DCF_F_Y";"DE_Elbe";2016;"Y";69;485.652173913043;224.202898550725;NA;1;1;485.652173913043;224.202898550725;NA;NA;NA;NA;NA;NA;26.9057971014493;NA;NA;NA;NA;NA;NA;NA;NA;NA;NA;"Not necessarily representative for EMU, summarizes all landings sub-samples from single or multiple fishermen in this EMU, which are considered representative of these catches. Hence, quality data does not comprise all available quality data in this EMU, these are reported in seperate (QUAL) series"
"DE_Elbe_Elbe_DCF_F_Y";"DE_Elbe";2017;"Y";36;677.792777777778;538.277777777778;NA;NA;NA;NA;NA;NA;NA;NA;NA;NA;NA;NA;NA;NA;NA;NA;NA;NA;NA;NA;NA;NA;"Not necessarily representative for EMU, summarizes all landings sub-samples from single or multiple fishermen in this EMU, which are considered representative of these catches. Hence, quality data does not comprise all available quality data in this EMU, these are reported in seperate (QUAL) series"
"DE_Elbe_Elbe_DCF_T_S";"DE_Elbe";2011;"S";9;598.888888888889;485.888888888889;11.6666666666667;0.777777777777778;1;652.857142857143;577.571428571429;12;410;165;10.5;0.777777777777778;0.777777777777778;26.9555555555556;28.4;NA;85.6322294427769;NA;NA;43.264;494.801367076319;3.432;NA;NA;"Not necessarily representative for EMU, summarizes all landings sub-samples from single or multiple fishermen in this EMU, which are considered representative of these catches. Hence, quality data does not comprise all available quality data in this EMU, these are reported in seperate (QUAL) series"
"DE_Elbe_Elbe_DCF_T_Y";"DE_Elbe";2011;"Y";94;557.127659574468;313.308510638298;8.1304347826087;0.976190476190476;0.893617021276596;577.682926829268;341.280487804878;8.4625;445;130.5;7;0.75531914893617;0.75531914893617;23.1734042553191;25.2285714285714;NA;37.2686319361897;NA;NA;72.18;392.843204046903;6.18;NA;NA;"Not necessarily representative for EMU, summarizes all landings sub-samples from single or multiple fishermen in this EMU, which are considered representative of these catches. Hence, quality data does not comprise all available quality data in this EMU, these are reported in seperate (QUAL) series"
"DE_Elbe_Elbe_QUAL_cd_F_S";"DE_Elbe";2011;"S";5;660;544.2;9.4;1;1;660;544.2;9.4;NA;NA;NA;1;1;23.12;27.25;NA;65.2124391836593;NA;NA;219.374;324.524508915636;3.408;NA;NA;"Not necessarily representative for EMU, summarizes data of all eels sampled for the respective quality indicator within the DCF in the respective year. Samples were likely selected due to pre-defined criteria (e.g. large silver eels), depending on the intention of sampling"
"DE_Elbe_Elbe_QUAL_cd_F_Y";"DE_Elbe";2011;"Y";27;597.296296296296;374.376296296296;8.66666666666667;1;0.962962962962963;601.423076923077;380.813846153846;8.69230769230769;NA;NA;NA;0.777777777777778;0.777777777777778;23.1777777777778;27.5;NA;63.6229756542051;NA;NA;108.699259259259;462.173300909402;50.0348148148148;NA;NA;"Not necessarily representative for EMU, summarizes data of all eels sampled for the respective quality indicator within the DCF in the respective year. Samples were likely selected due to pre-defined criteria (e.g. large silver eels), depending on the intention of sampling"
"DE_Elbe_Elbe_QUAL_cd_T_S";"DE_Elbe";2011;"S";5;678;655;13.2;1;1;678;655;13.2;NA;NA;NA;0.8;0.8;27.2;28.4;NA;85.6322294427769;NA;NA;43.264;494.801367076319;3.432;NA;NA;"Not necessarily representative for EMU, summarizes data of all eels sampled for the respective quality indicator within the DCF in the respective year. Samples were likely selected due to pre-defined criteria (e.g. large silver eels), depending on the intention of sampling"
"DE_Elbe_Elbe_QUAL_cd_T_Y";"DE_Elbe";2011;"Y";4;562.5;322;8;1;0.75;583.333333333333;356.333333333333;8;NA;NA;NA;0.75;0.75;17.025;20.6666666666667;NA;46.5558719488752;NA;NA;72.18;317.094248989559;6.18;NA;NA;"Not necessarily representative for EMU, summarizes data of all eels sampled for the respective quality indicator within the DCF in the respective year. Samples were likely selected due to pre-defined criteria (e.g. large silver eels), depending on the intention of sampling"
"DE_Elbe_Elbe_QUAL_hg_F_S";"DE_Elbe";2011;"S";5;660;544.2;9.4;1;1;660;544.2;9.4;NA;NA;NA;1;1;23.12;27.25;NA;65.2124391836593;NA;NA;219.374;324.524508915636;3.408;NA;NA;"Not necessarily representative for EMU, summarizes data of all eels sampled for the respective quality indicator within the DCF in the respective year. Samples were likely selected due to pre-defined criteria (e.g. large silver eels), depending on the intention of sampling"
"DE_Elbe_Elbe_QUAL_hg_F_Y";"DE_Elbe";2011;"Y";74;609.013513513514;407.758918918919;8.93150684931507;1;0.986486486486487;610.643835616438;410.50904109589;8.94444444444444;NA;NA;NA;0.780821917808219;0.780821917808219;22.8756756756757;27.56;NA;62.566591791888;NA;NA;108.699259259259;413.581184346218;50.0348148148148;NA;NA;"Not necessarily representative for EMU, summarizes data of all eels sampled for the respective quality indicator within the DCF in the respective year. Samples were likely selected due to pre-defined criteria (e.g. large silver eels), depending on the intention of sampling"
"DE_Elbe_Elbe_QUAL_hg_T_S";"DE_Elbe";2011;"S";5;678;655;13.2;1;1;678;655;13.2;NA;NA;NA;0.8;0.8;27.2;28.4;NA;85.6322294427769;NA;NA;43.264;494.801367076319;3.432;NA;NA;"Not necessarily representative for EMU, summarizes data of all eels sampled for the respective quality indicator within the DCF in the respective year. Samples were likely selected due to pre-defined criteria (e.g. large silver eels), depending on the intention of sampling"
"DE_Elbe_Elbe_QUAL_hg_T_Y";"DE_Elbe";2011;"Y";33;596.666666666667;387.606060606061;9.18181818181818;1;0.96969696969697;599.6875;392.875;9.21875;NA;NA;NA;0.727272727272727;0.727272727272727;25.4727272727273;25.6666666666667;NA;36.2244026712151;NA;NA;64.58;392.843204046903;6.94;NA;NA;"Not necessarily representative for EMU, summarizes data of all eels sampled for the respective quality indicator within the DCF in the respective year. Samples were likely selected due to pre-defined criteria (e.g. large silver eels), depending on the intention of sampling"
"DE_Elbe_Elbe_QUAL_pb_F_S";"DE_Elbe";2011;"S";5;660;544.2;9.4;1;1;660;544.2;9.4;NA;NA;NA;1;1;23.12;27.25;NA;65.2124391836593;NA;NA;219.374;324.524508915636;3.408;NA;NA;"Not necessarily representative for EMU, summarizes data of all eels sampled for the respective quality indicator within the DCF in the respective year. Samples were likely selected due to pre-defined criteria (e.g. large silver eels), depending on the intention of sampling"
"DE_Elbe_Elbe_QUAL_pb_F_Y";"DE_Elbe";2011;"Y";27;597.296296296296;374.376296296296;8.66666666666667;1;0.962962962962963;601.423076923077;380.813846153846;8.69230769230769;NA;NA;NA;0.777777777777778;0.777777777777778;23.1777777777778;27.5;NA;63.6229756542051;NA;NA;108.699259259259;462.173300909402;50.0348148148148;NA;NA;"Not necessarily representative for EMU, summarizes data of all eels sampled for the respective quality indicator within the DCF in the respective year. Samples were likely selected due to pre-defined criteria (e.g. large silver eels), depending on the intention of sampling"
"DE_Elbe_Elbe_QUAL_pb_T_S";"DE_Elbe";2011;"S";5;678;655;13.2;1;1;678;655;13.2;NA;NA;NA;0.8;0.8;27.2;28.4;NA;85.6322294427769;NA;NA;43.264;494.801367076319;3.432;NA;NA;"Not necessarily representative for EMU, summarizes data of all eels sampled for the respective quality indicator within the DCF in the respective year. Samples were likely selected due to pre-defined criteria (e.g. large silver eels), depending on the intention of sampling"
"DE_Elbe_Elbe_QUAL_pb_T_Y";"DE_Elbe";2011;"Y";4;562.5;322;8;1;0.75;583.333333333333;356.333333333333;8;NA;NA;NA;0.75;0.75;17.025;20.6666666666667;NA;46.5558719488752;NA;NA;72.18;317.094248989559;6.18;NA;NA;"Not necessarily representative for EMU, summarizes data of all eels sampled for the respective quality indicator within the DCF in the respective year. Samples were likely selected due to pre-defined criteria (e.g. large silver eels), depending on the intention of sampling"
"DE_Elbe_Elbe_QUAL_teq_F_S";"DE_Elbe";2011;"S";5;660;544.2;9.4;1;1;660;544.2;9.4;NA;NA;NA;1;1;23.12;27.25;NA;65.2124391836593;NA;NA;219.374;324.524508915636;3.408;NA;NA;"Not necessarily representative for EMU, summarizes data of all eels sampled for the respective quality indicator within the DCF in the respective year. Samples were likely selected due to pre-defined criteria (e.g. large silver eels), depending on the intention of sampling"
"DE_Elbe_Elbe_QUAL_teq_F_Y";"DE_Elbe";2011;"Y";27;593.962962962963;373.746666666667;8.96296296296296;0.962962962962963;1;606.807692307692;386.890769230769;9.03846153846154;260;32;7;0.703703703703704;0.703703703703704;23.2407407407407;27.8333333333333;NA;61.9162047107428;NA;NA;107.820833333333;480.393424456212;27.28;NA;NA;"Not necessarily representative for EMU, summarizes data of all eels sampled for the respective quality indicator within the DCF in the respective year. Samples were likely selected due to pre-defined criteria (e.g. large silver eels), depending on the intention of sampling"
"DE_Elbe_Elbe_QUAL_teq_T_S";"DE_Elbe";2011;"S";5;678;655;13.2;1;1;678;655;13.2;NA;NA;NA;0.8;0.8;27.2;28.4;NA;85.6322294427769;NA;NA;43.264;494.801367076319;3.432;NA;NA;"Not necessarily representative for EMU, summarizes data of all eels sampled for the respective quality indicator within the DCF in the respective year. Samples were likely selected due to pre-defined criteria (e.g. large silver eels), depending on the intention of sampling"
"DE_Elbe_Elbe_QUAL_teq_T_Y";"DE_Elbe";2011;"Y";5;586;362.4;8.4;1;0.8;607.5;398.25;8.5;NA;NA;NA;0.8;0.8;18.36;22.75;NA;37.2686319361897;NA;NA;72.18;317.094248989559;6.18;NA;NA;"Not necessarily representative for EMU, summarizes data of all eels sampled for the respective quality indicator within the DCF in the respective year. Samples were likely selected due to pre-defined criteria (e.g. large silver eels), depending on the intention of sampling"
"DE_Ems_BALANCE_DCF_F_S";"DE_Ems";2020;"S";8;578.75;399.25;NA;0.875;NA;608.571428571429;442.714285714286;NA;370;95;NA;NA;NA;NA;NA;NA;NA;NA;NA;NA;NA;NA;NA;NA;"Data generally considered representative for stow net catches near the estuary, but at the time of reporting was incomplete"
"DE_Ems_BALANCE_DCF_F_Y";"DE_Ems";2020;"Y";2;470;199;NA;NA;NA;NA;NA;NA;NA;NA;NA;NA;NA;NA;NA;NA;NA;NA;NA;NA;NA;NA;NA;NA;"Data generally considered representative for stow net catches near the estuary, but at the time of reporting was incomplete"
"DE_Ems_BALANCE_DCF_T_S";"DE_Ems";2020;"S";747;639.973226238286;566.289156626506;NA;0.836680053547523;1;688.496;656.2096;NA;391.393442622951;105.631147540984;NA;NA;NA;NA;NA;NA;NA;NA;NA;NA;NA;NA;NA;NA;"Data generally considered representative for stow net catches near the estuary, but at the time of reporting was incomplete"
"DE_Ems_BALANCE_DCF_T_S";"DE_Ems";2021;"S";937;646.808964781217;589.544443970117;NA;0.853788687299893;NA;690.25;671.97893;NA;393.138686131387;108.175182481752;NA;NA;NA;NA;NA;NA;NA;NA;NA;NA;NA;NA;NA;NA;"Data generally considered representative for stow net catches near the estuary, but at the time of reporting was incomplete"
"DE_Ems_BALANCE_DCF_T_S";"DE_Ems";2022;"S";388;684.922680412371;698.244845360825;NA;0.891752577319588;NA;720.086705202312;770.008670520231;NA;395.238095238095;107.047619047619;NA;NA;NA;NA;NA;NA;NA;NA;NA;NA;NA;NA;NA;NA;"Data generally considered representative for stow net catches near the estuary, but at the time of reporting was incomplete"
"DE_Ems_BALANCE_DCF_T_Y";"DE_Ems";2020;"Y";168;542.678571428571;347.541666666667;NA;0.833333333333333;1;569;329.3;NA;435;136;NA;NA;NA;NA;NA;NA;NA;NA;NA;NA;NA;NA;NA;NA;"Data generally considered representative for stow net catches near the estuary, but at the time of reporting was incomplete"
"DE_Ems_BALANCE_DCF_T_Y";"DE_Ems";2021;"Y";1344;439.308035714286;163.206101190476;NA;NA;NA;NA;NA;NA;NA;NA;NA;NA;NA;NA;NA;NA;NA;NA;NA;NA;NA;NA;NA;NA;"Data generally considered representative for stow net catches near the estuary, but at the time of reporting was incomplete"
"DE_Ems_BALANCE_DCF_T_Y";"DE_Ems";2022;"Y";921;438.697068403909;146.651465798046;NA;NA;NA;NA;NA;NA;NA;NA;NA;NA;NA;NA;NA;NA;NA;NA;NA;NA;NA;NA;NA;NA;"Data generally considered representative for stow net catches near the estuary, but at the time of reporting was incomplete"
"DE_Ems_Ems_DCF_F_S";"DE_Ems";2017;"S";109;733.558348623853;722.862385321101;NA;1;1;733.558348623853;722.862385321101;NA;NA;NA;NA;NA;NA;NA;NA;NA;NA;NA;NA;NA;NA;NA;NA;NA;"Not necessarily representative for EMU, summarizes all landings sub-samples from single or multiple fishermen in this EMU, which are considered representative of these catches. Hence, quality data does not comprise all available quality data in this EMU, these are reported in seperate (QUAL) series"
"DE_Ems_Ems_DCF_F_S";"DE_Ems";2019;"S";6;709.166666666667;597.666666666667;NA;1;NA;709.166666666667;597.666666666667;NA;NA;NA;NA;NA;NA;NA;NA;NA;NA;NA;NA;NA;NA;NA;NA;NA;"Not necessarily representative for EMU, summarizes all landings sub-samples from single or multiple fishermen in this EMU, which are considered representative of these catches. Hence, quality data does not comprise all available quality data in this EMU, these are reported in seperate (QUAL) series"
"DE_Ems_Ems_DCF_F_Y";"DE_Ems";2017;"Y";124;712.399677419355;667.233870967742;NA;1;1;718.155384615385;681.74358974359;NA;NA;NA;NA;NA;NA;NA;NA;NA;NA;NA;NA;NA;NA;NA;NA;NA;"Not necessarily representative for EMU, summarizes all landings sub-samples from single or multiple fishermen in this EMU, which are considered representative of these catches. Hence, quality data does not comprise all available quality data in this EMU, these are reported in seperate (QUAL) series"
"DE_Ems_Ems_DCF_F_Y";"DE_Ems";2019;"Y";30;630.233333333333;398.6;NA;NA;NA;NA;NA;NA;NA;NA;NA;NA;NA;NA;NA;NA;NA;NA;NA;NA;NA;NA;NA;NA;"Not necessarily representative for EMU, summarizes all landings sub-samples from single or multiple fishermen in this EMU, which are considered representative of these catches. Hence, quality data does not comprise all available quality data in this EMU, these are reported in seperate (QUAL) series"
"DE_Ems_Ems_DCF_T_S";"DE_Ems";2011;"S";58;491.508620689655;264.32124137931;8.13793103448276;0.396551724137931;1;631.967391304348;484.857565217391;9.17391304347826;399.207142857143;119.397371428571;7.45714285714286;0.701754385964912;0.701754385964912;24.2689655172414;NA;NA;NA;NA;NA;NA;NA;NA;NA;NA;"Not necessarily representative for EMU, summarizes all landings sub-samples from single or multiple fishermen in this EMU, which are considered representative of these catches. Hence, quality data does not comprise all available quality data in this EMU, these are reported in seperate (QUAL) series"
"DE_Ems_Ems_DCF_T_S";"DE_Ems";2012;"S";85;627.935294117647;543.364329411765;13.5952380952381;0.823529411764706;1;673.192857142857;630.3152;14.3;416.733333333333;137.5936;10.0714285714286;0.828571428571429;0.828571428571429;22.1133333333333;NA;NA;11.6782200612;NA;NA;NA;NA;NA;NA;NA;"Not necessarily representative for EMU, summarizes all landings sub-samples from single or multiple fishermen in this EMU, which are considered representative of these catches. Hence, quality data does not comprise all available quality data in this EMU, these are reported in seperate (QUAL) series"
"DE_Ems_Ems_DCF_T_S";"DE_Ems";2013;"S";50;721.4;771.98;12.8775510204082;1;1;721.4;771.98;12.8775510204082;NA;NA;NA;NA;NA;NA;NA;NA;NA;NA;NA;NA;NA;NA;NA;NA;"Not necessarily representative for EMU, summarizes all landings sub-samples from single or multiple fishermen in this EMU, which are considered representative of these catches. Hence, quality data does not comprise all available quality data in this EMU, these are reported in seperate (QUAL) series"
"DE_Ems_Ems_DCF_T_S";"DE_Ems";2014;"S";42;711.357142857143;789.487714285714;12.1904761904762;0.976190476190476;1;718.463414634146;806.304487804878;12.2926829268293;420;100;8;NA;NA;23.55;NA;NA;NA;NA;NA;NA;NA;NA;NA;NA;"Not necessarily representative for EMU, summarizes all landings sub-samples from single or multiple fishermen in this EMU, which are considered representative of these catches. Hence, quality data does not comprise all available quality data in this EMU, these are reported in seperate (QUAL) series"
"DE_Ems_Ems_DCF_T_S";"DE_Ems";2015;"S";79;721.139240506329;745.430379746835;14.4133333333333;1;1;721.139240506329;745.430379746835;14.4133333333333;NA;NA;NA;NA;NA;22.2552631578947;NA;NA;NA;NA;NA;NA;NA;NA;NA;NA;"Not necessarily representative for EMU, summarizes all landings sub-samples from single or multiple fishermen in this EMU, which are considered representative of these catches. Hence, quality data does not comprise all available quality data in this EMU, these are reported in seperate (QUAL) series"
"DE_Ems_Ems_DCF_T_S";"DE_Ems";2016;"S";51;626.862745098039;467.196078431373;NA;0.901960784313726;1;645.869565217391;500.260869565217;NA;452;163;NA;NA;NA;23.8787878787879;NA;NA;NA;NA;NA;NA;NA;NA;NA;NA;"Not necessarily representative for EMU, summarizes all landings sub-samples from single or multiple fishermen in this EMU, which are considered representative of these catches. Hence, quality data does not comprise all available quality data in this EMU, these are reported in seperate (QUAL) series"
"DE_Ems_Ems_DCF_T_Y";"DE_Ems";2011;"Y";94;544.244680851064;292.837446808511;7.53260869565217;0.986842105263158;0.808510638297872;570.253333333333;336.7696;7.95890410958904;400;78;4;0.482758620689655;0.482758620689655;20.713829787234;NA;NA;NA;NA;NA;NA;NA;NA;NA;NA;"Not necessarily representative for EMU, summarizes all landings sub-samples from single or multiple fishermen in this EMU, which are considered representative of these catches. Hence, quality data does not comprise all available quality data in this EMU, these are reported in seperate (QUAL) series"
"DE_Ems_Ems_DCF_T_Y";"DE_Ems";2012;"Y";117;550.346153846154;295.092581196581;9.10344827586207;0.991452991452991;1;551.297413793103;296.464068965517;9.11304347826087;440;136;8;0.584905660377358;0.584905660377358;17.8464285714286;NA;NA;NA;NA;NA;NA;NA;NA;NA;NA;"Not necessarily representative for EMU, summarizes all landings sub-samples from single or multiple fishermen in this EMU, which are considered representative of these catches. Hence, quality data does not comprise all available quality data in this EMU, these are reported in seperate (QUAL) series"
"DE_Ems_Ems_DCF_T_Y";"DE_Ems";2013;"Y";70;611.142857142857;409.742857142857;9.7;1;1;611.142857142857;409.742857142857;9.7;NA;NA;NA;NA;NA;NA;NA;NA;NA;NA;NA;NA;NA;NA;NA;NA;"Not necessarily representative for EMU, summarizes all landings sub-samples from single or multiple fishermen in this EMU, which are considered representative of these catches. Hence, quality data does not comprise all available quality data in this EMU, these are reported in seperate (QUAL) series"
"DE_Ems_Ems_DCF_T_Y";"DE_Ems";2014;"Y";88;515.866477272727;284.615954545455;7.63218390804598;1;1;506.328125;269.59005;7.44303797468354;NA;NA;NA;NA;NA;27.1555555555556;NA;NA;NA;NA;NA;NA;NA;NA;NA;NA;"Not necessarily representative for EMU, summarizes all landings sub-samples from single or multiple fishermen in this EMU, which are considered representative of these catches. Hence, quality data does not comprise all available quality data in this EMU, these are reported in seperate (QUAL) series"
"DE_Ems_Ems_DCF_T_Y";"DE_Ems";2015;"Y";47;560;311.425531914894;8.73913043478261;1;1;560;311.425531914894;8.73913043478261;NA;NA;NA;NA;NA;20.5586956521739;NA;NA;NA;NA;NA;NA;NA;NA;NA;NA;"Not necessarily representative for EMU, summarizes all landings sub-samples from single or multiple fishermen in this EMU, which are considered representative of these catches. Hence, quality data does not comprise all available quality data in this EMU, these are reported in seperate (QUAL) series"
"DE_Ems_Ems_DCF_T_Y";"DE_Ems";2016;"Y";48;593.958333333333;362.25;NA;1;1;593.958333333333;362.25;NA;NA;NA;NA;NA;NA;23.9945945945946;NA;NA;NA;NA;NA;NA;NA;NA;NA;NA;"Not necessarily representative for EMU, summarizes all landings sub-samples from single or multiple fishermen in this EMU, which are considered representative of these catches. Hence, quality data does not comprise all available quality data in this EMU, these are reported in seperate (QUAL) series"
"DE_Ems_Ems_QUAL_teq_T_S";"DE_Ems";2012;"S";5;706;683.8;14.6;1;1;706;683.8;14.6;NA;NA;NA;0;0;23.78;NA;NA;11.6782200612;NA;NA;NA;NA;NA;NA;NA;"Not necessarily representative for EMU, summarizes data of all eels sampled for the respective quality indicator within the DCF in the respective year. Samples were likely selected due to pre-defined criteria (e.g. large silver eels), depending on the intention of sampling"
"DE_Oder_Oder_DCF_F_S";"DE_Oder";2013;"S";97;791.752577319588;1169.28865979381;10.5360824742268;1;1;791.752577319588;1169.28865979381;10.5360824742268;NA;NA;NA;1;1;NA;NA;NA;NA;NA;NA;NA;NA;NA;NA;NA;"Not necessarily representative for EMU, summarizes all landings sub-samples from single or multiple fishermen in this EMU, which are considered representative of these catches. Hence, quality data does not comprise all available quality data in this EMU, these are reported in seperate (QUAL) series"
"DE_Oder_Oder_DCF_F_Y";"DE_Oder";2013;"Y";87;627.586206896552;525.045977011494;7.4367816091954;1;1;627.313432835821;516.10447761194;7.64179104477612;NA;NA;NA;1;1;NA;NA;NA;NA;NA;NA;NA;NA;NA;NA;NA;"Not necessarily representative for EMU, summarizes all landings sub-samples from single or multiple fishermen in this EMU, which are considered representative of these catches. Hence, quality data does not comprise all available quality data in this EMU, these are reported in seperate (QUAL) series"
"DE_Rhei_Rhein_DCF_F_S";"DE_Rhei";2011;"S";143;755.522727272727;933.055384615385;11.1678321678322;0.979020979020979;1;762.069642857143;949.456571428571;11.1642857142857;450;167.666666666667;11.3333333333333;0.753521126760563;0.753521126760563;22.3426573426573;24.3;NA;101.865146101625;NA;NA;87.226;333.775303190443;5.515;NA;NA;"Not necessarily representative for EMU, summarizes all landings sub-samples from single or multiple fishermen in this EMU, which are considered representative of these catches. Hence, quality data does not comprise all available quality data in this EMU, these are reported in seperate (QUAL) series"
"DE_Rhei_Rhein_DCF_F_S";"DE_Rhei";2012;"S";72;815.618055555556;1197.16966666667;13.2424242424242;1;1;815.618055555556;1197.16966666667;13.2424242424242;NA;NA;NA;0.693548387096774;0.693548387096774;22.8513888888889;NA;NA;NA;NA;NA;NA;NA;NA;NA;NA;"Not necessarily representative for EMU, summarizes all landings sub-samples from single or multiple fishermen in this EMU, which are considered representative of these catches. Hence, quality data does not comprise all available quality data in this EMU, these are reported in seperate (QUAL) series"
"DE_Rhei_Rhein_DCF_F_S";"DE_Rhei";2013;"S";58;805.51724137931;1169.43103448276;11.7894736842105;1;1;805.51724137931;1169.43103448276;11.7894736842105;NA;NA;NA;0.636363636363636;0.636363636363636;NA;NA;NA;NA;NA;NA;NA;NA;NA;NA;NA;"Not necessarily representative for EMU, summarizes all landings sub-samples from single or multiple fishermen in this EMU, which are considered representative of these catches. Hence, quality data does not comprise all available quality data in this EMU, these are reported in seperate (QUAL) series"
"DE_Rhei_Rhein_DCF_F_S";"DE_Rhei";2014;"S";48;781.666666666667;1018.91666666667;13.0208333333333;0.958333333333333;1;795.869565217391;1056.95652173913;13.2826086956522;455;144;7;NA;NA;22.7789473684211;NA;NA;NA;NA;NA;NA;NA;NA;NA;NA;"Not necessarily representative for EMU, summarizes all landings sub-samples from single or multiple fishermen in this EMU, which are considered representative of these catches. Hence, quality data does not comprise all available quality data in this EMU, these are reported in seperate (QUAL) series"
"DE_Rhei_Rhein_DCF_F_S";"DE_Rhei";2015;"S";42;827.857142857143;1185.02380952381;12.1666666666667;1;1;827.857142857143;1185.02380952381;12.1666666666667;NA;NA;NA;NA;NA;NA;NA;NA;NA;NA;NA;NA;NA;NA;NA;NA;"Not necessarily representative for EMU, summarizes all landings sub-samples from single or multiple fishermen in this EMU, which are considered representative of these catches. Hence, quality data does not comprise all available quality data in this EMU, these are reported in seperate (QUAL) series"
"DE_Rhei_Rhein_DCF_F_S";"DE_Rhei";2016;"S";3;686.666666666667;915.666666666667;NA;0.666666666666667;1;855;1343.5;NA;350;60;NA;NA;NA;22.4666666666667;NA;NA;NA;NA;NA;NA;NA;NA;NA;NA;"Not necessarily representative for EMU, summarizes all landings sub-samples from single or multiple fishermen in this EMU, which are considered representative of these catches. Hence, quality data does not comprise all available quality data in this EMU, these are reported in seperate (QUAL) series"
"DE_Rhei_Rhein_DCF_F_S";"DE_Rhei";2017;"S";6;865;1346.5;NA;1;1;865;1346.5;NA;NA;NA;NA;NA;NA;NA;NA;NA;NA;NA;NA;NA;NA;NA;NA;NA;"Not necessarily representative for EMU, summarizes all landings sub-samples from single or multiple fishermen in this EMU, which are considered representative of these catches. Hence, quality data does not comprise all available quality data in this EMU, these are reported in seperate (QUAL) series"
"DE_Rhei_Rhein_DCF_F_Y";"DE_Rhei";2011;"Y";42;738.047619047619;779.892666666667;10.425;1;0.976190476190476;747.298780487805;796.808292682927;10.5641025641026;NA;NA;NA;0.785714285714286;0.785714285714286;23.2238095238095;34.1;NA;NA;NA;NA;NA;255.094350701907;NA;NA;NA;"Not necessarily representative for EMU, summarizes all landings sub-samples from single or multiple fishermen in this EMU, which are considered representative of these catches. Hence, quality data does not comprise all available quality data in this EMU, these are reported in seperate (QUAL) series"
"DE_Rhei_Rhein_DCF_F_Y";"DE_Rhei";2012;"Y";95;592.3;409.299536842105;8.96629213483146;1;1;592.3;409.299536842105;8.96629213483146;NA;NA;NA;0.662921348314607;0.662921348314607;21.0936170212766;NA;NA;NA;NA;NA;NA;NA;NA;NA;NA;"Not necessarily representative for EMU, summarizes all landings sub-samples from single or multiple fishermen in this EMU, which are considered representative of these catches. Hence, quality data does not comprise all available quality data in this EMU, these are reported in seperate (QUAL) series"
"DE_Rhei_Rhein_DCF_F_Y";"DE_Rhei";2013;"Y";43;653.023255813953;571.860465116279;9.86046511627907;1;1;656.666666666667;581.47619047619;9.85714285714286;NA;NA;NA;0.76;0.76;NA;NA;NA;NA;NA;NA;NA;NA;NA;NA;NA;"Not necessarily representative for EMU, summarizes all landings sub-samples from single or multiple fishermen in this EMU, which are considered representative of these catches. Hence, quality data does not comprise all available quality data in this EMU, these are reported in seperate (QUAL) series"
"DE_Rhei_Rhein_DCF_F_Y";"DE_Rhei";2014;"Y";146;473.082191780822;172.112328767123;6.16783216783217;0.986301369863014;1;474.166666666667;173.155555555556;6.16312056737589;395;97;6.5;NA;NA;23.4;NA;NA;NA;NA;NA;NA;NA;NA;NA;NA;"Not necessarily representative for EMU, summarizes all landings sub-samples from single or multiple fishermen in this EMU, which are considered representative of these catches. Hence, quality data does not comprise all available quality data in this EMU, these are reported in seperate (QUAL) series"
"DE_Rhei_Rhein_DCF_F_Y";"DE_Rhei";2015;"Y";25;632.2;590.68;8.52;NA;NA;NA;NA;NA;NA;NA;NA;NA;NA;NA;NA;NA;NA;NA;NA;NA;NA;NA;NA;NA;"Not necessarily representative for EMU, summarizes all landings sub-samples from single or multiple fishermen in this EMU, which are considered representative of these catches. Hence, quality data does not comprise all available quality data in this EMU, these are reported in seperate (QUAL) series"
"DE_Rhei_Rhein_DCF_F_Y";"DE_Rhei";2016;"Y";72;487.319444444444;262.671444444444;NA;1;1;492.957142857143;268.990628571429;NA;NA;NA;NA;NA;NA;19.0638888888889;NA;NA;NA;NA;NA;NA;NA;NA;NA;NA;"Not necessarily representative for EMU, summarizes all landings sub-samples from single or multiple fishermen in this EMU, which are considered representative of these catches. Hence, quality data does not comprise all available quality data in this EMU, these are reported in seperate (QUAL) series"
"DE_Rhei_Rhein_DCF_F_Y";"DE_Rhei";2017;"Y";10;707;733;NA;NA;NA;NA;NA;NA;NA;NA;NA;NA;NA;NA;NA;NA;NA;NA;NA;NA;NA;NA;NA;NA;"Not necessarily representative for EMU, summarizes all landings sub-samples from single or multiple fishermen in this EMU, which are considered representative of these catches. Hence, quality data does not comprise all available quality data in this EMU, these are reported in seperate (QUAL) series"
"DE_Rhei_Rhein_QUAL_cd_F_S";"DE_Rhei";2011;"S";10;728.025;708.03;13;1;1;728.025;708.03;13;NA;NA;NA;0.8;0.8;23.65;24.6666666666667;NA;97.2302818816714;NA;NA;87.226;253.752497292469;5.515;NA;NA;"Not necessarily representative for EMU, summarizes data of all eels sampled for the respective quality indicator within the DCF in the respective year. Samples were likely selected due to pre-defined criteria (e.g. large silver eels), depending on the intention of sampling"
"DE_Rhei_Rhein_QUAL_hg_F_S";"DE_Rhei";2011;"S";30;742.675;860.343333333333;11.4333333333333;1;1;742.675;860.343333333333;11.4333333333333;NA;NA;NA;0.766666666666667;0.766666666666667;21.8766666666667;24.3;NA;101.865146101625;NA;NA;87.226;333.775303190443;5.515;NA;NA;"Not necessarily representative for EMU, summarizes data of all eels sampled for the respective quality indicator within the DCF in the respective year. Samples were likely selected due to pre-defined criteria (e.g. large silver eels), depending on the intention of sampling"
"DE_Rhei_Rhein_QUAL_hg_F_Y";"DE_Rhei";2011;"Y";17;747.058823529412;804.176470588235;10.4705882352941;1;1;747.058823529412;804.176470588235;10.4705882352941;NA;NA;NA;0.705882352941177;0.705882352941177;22.4411764705882;NA;NA;NA;NA;NA;NA;255.094350701907;NA;NA;NA;"Not necessarily representative for EMU, summarizes data of all eels sampled for the respective quality indicator within the DCF in the respective year. Samples were likely selected due to pre-defined criteria (e.g. large silver eels), depending on the intention of sampling"
"DE_Rhei_Rhein_QUAL_pb_F_S";"DE_Rhei";2011;"S";10;728.025;708.03;13;1;1;728.025;708.03;13;NA;NA;NA;0.8;0.8;23.65;24.6666666666667;NA;97.2302818816714;NA;NA;87.226;253.752497292469;5.515;NA;NA;"Not necessarily representative for EMU, summarizes data of all eels sampled for the respective quality indicator within the DCF in the respective year. Samples were likely selected due to pre-defined criteria (e.g. large silver eels), depending on the intention of sampling"
"DE_Rhei_Rhein_QUAL_teq_F_S";"DE_Rhei";2011;"S";10;697.025;646.13;13.3;1;1;697.025;646.13;13.3;NA;NA;NA;0.8;0.8;23.39;24.3;NA;101.865146101625;NA;NA;91.3444444444444;280.613863400352;5.03888888888889;NA;NA;"Not necessarily representative for EMU, summarizes data of all eels sampled for the respective quality indicator within the DCF in the respective year. Samples were likely selected due to pre-defined criteria (e.g. large silver eels), depending on the intention of sampling"
"DE_Schl_Other_DCF_F_S";"DE_Schl";2011;"S";15;756.2;943.837333333333;14.2;1;1;756.2;943.837333333333;14.2;NA;NA;NA;1;1;23.6666666666667;NA;NA;NA;NA;NA;NA;NA;NA;NA;NA;"Not necessarily representative for EMU, summarizes all landings sub-samples from single or multiple fishermen in this EMU, which are considered representative of these catches. Hence, quality data does not comprise all available quality data in this EMU, these are reported in seperate (QUAL) series"
"DE_Schl_Other_DCF_F_S";"DE_Schl";2012;"S";28;675.357142857143;624.821428571429;15.7142857142857;1;1;675.357142857143;624.821428571429;15.7142857142857;NA;NA;NA;NA;NA;23.3142857142857;NA;NA;NA;NA;NA;NA;NA;NA;NA;NA;"Not necessarily representative for EMU, summarizes all landings sub-samples from single or multiple fishermen in this EMU, which are considered representative of these catches. Hence, quality data does not comprise all available quality data in this EMU, these are reported in seperate (QUAL) series"
"DE_Schl_Other_DCF_F_S";"DE_Schl";2015;"S";60;914.666666666667;1631.58333333333;16.3461538461538;1;1;914.666666666667;1631.58333333333;16.3461538461538;NA;NA;NA;NA;NA;23.8942307692308;NA;NA;NA;NA;NA;NA;NA;NA;NA;NA;"Not necessarily representative for EMU, summarizes all landings sub-samples from single or multiple fishermen in this EMU, which are considered representative of these catches. Hence, quality data does not comprise all available quality data in this EMU, these are reported in seperate (QUAL) series"
"DE_Schl_Other_DCF_F_S";"DE_Schl";2016;"S";50;793;1013.58;NA;1;1;793;1013.58;NA;NA;NA;NA;NA;NA;24.1959183673469;NA;NA;NA;NA;NA;NA;NA;NA;NA;NA;"Not necessarily representative for EMU, summarizes all landings sub-samples from single or multiple fishermen in this EMU, which are considered representative of these catches. Hence, quality data does not comprise all available quality data in this EMU, these are reported in seperate (QUAL) series"
"DE_Schl_Other_DCF_F_Y";"DE_Schl";2011;"Y";89;628.491573033708;432.545707865169;11.0449438202247;1;0.98876404494382;629.724431818182;435.120090909091;11.0681818181818;NA;NA;NA;0.746031746031746;0.746031746031746;21.2921348314607;NA;NA;32.14950444018;NA;NA;NA;NA;NA;NA;NA;"Not necessarily representative for EMU, summarizes all landings sub-samples from single or multiple fishermen in this EMU, which are considered representative of these catches. Hence, quality data does not comprise all available quality data in this EMU, these are reported in seperate (QUAL) series"
"DE_Schl_Other_DCF_F_Y";"DE_Schl";2012;"Y";41;641.951219512195;439.682926829268;15.5609756097561;1;1;641.951219512195;439.682926829268;15.5609756097561;NA;NA;NA;NA;NA;24.9048780487805;NA;NA;NA;NA;NA;NA;NA;NA;NA;NA;"Not necessarily representative for EMU, summarizes all landings sub-samples from single or multiple fishermen in this EMU, which are considered representative of these catches. Hence, quality data does not comprise all available quality data in this EMU, these are reported in seperate (QUAL) series"
"DE_Schl_Other_DCF_F_Y";"DE_Schl";2015;"Y";5;766;816;14.4;1;1;766;816;14.4;NA;NA;NA;NA;NA;24.925;NA;NA;NA;NA;NA;NA;NA;NA;NA;NA;"Not necessarily representative for EMU, summarizes all landings sub-samples from single or multiple fishermen in this EMU, which are considered representative of these catches. Hence, quality data does not comprise all available quality data in this EMU, these are reported in seperate (QUAL) series"
"DE_Schl_Other_DCF_F_Y";"DE_Schl";2016;"Y";13;709.230769230769;645.769230769231;NA;1;1;709.230769230769;645.769230769231;NA;NA;NA;NA;NA;NA;25.5692307692308;NA;NA;NA;NA;NA;NA;NA;NA;NA;NA;"Not necessarily representative for EMU, summarizes all landings sub-samples from single or multiple fishermen in this EMU, which are considered representative of these catches. Hence, quality data does not comprise all available quality data in this EMU, these are reported in seperate (QUAL) series"
"DE_Schl_Other_QUAL_teq_F_Y";"DE_Schl";2011;"Y";1;580;222;17;1;1;580;222;17;NA;NA;NA;1;1;26.3;NA;NA;32.14950444018;NA;NA;NA;NA;NA;NA;NA;"Not necessarily representative for EMU, summarizes data of all eels sampled for the respective quality indicator within the DCF in the respective year. Samples were likely selected due to pre-defined criteria (e.g. large silver eels), depending on the intention of sampling"
"DE_Schl_Schlei_DCF_MO_S";"DE_Schl";2011;"S";10;726;828;13.2;1;1;726;828;13.2;NA;NA;NA;0.6;0.6;23.09;NA;NA;NA;NA;NA;NA;NA;NA;NA;NA;"Not necessarily representative for EMU, summarizes all landings sub-samples from single or multiple fishermen in this EMU, which are considered representative of these catches. Hence, quality data does not comprise all available quality data in this EMU, these are reported in seperate (QUAL) series"
"DE_Schl_Schlei_DCF_MO_S";"DE_Schl";2012;"S";4;655;571;12.5;1;1;655;571;12.5;NA;NA;NA;1;1;21.55;NA;NA;4.254460743;NA;NA;NA;NA;NA;NA;NA;"Not necessarily representative for EMU, summarizes all landings sub-samples from single or multiple fishermen in this EMU, which are considered representative of these catches. Hence, quality data does not comprise all available quality data in this EMU, these are reported in seperate (QUAL) series"
"DE_Schl_Schlei_DCF_MO_S";"DE_Schl";2013;"S";24;719.583333333333;776.166666666667;16;0.916666666666667;1;745.909090909091;834.5;17.0454545454545;430;134.5;4.5;0.5;0.5;NA;NA;NA;NA;NA;NA;NA;NA;NA;NA;NA;"Not necessarily representative for EMU, summarizes all landings sub-samples from single or multiple fishermen in this EMU, which are considered representative of these catches. Hence, quality data does not comprise all available quality data in this EMU, these are reported in seperate (QUAL) series"
"DE_Schl_Schlei_DCF_MO_S";"DE_Schl";2014;"S";22;620.909090909091;642.090909090909;6.22222222222222;0.636363636363636;1;740.714285714286;936.928571428571;8.6;411.25;126.125;3.25;NA;NA;21.6583333333333;NA;NA;NA;NA;NA;NA;NA;NA;NA;NA;"Not necessarily representative for EMU, summarizes all landings sub-samples from single or multiple fishermen in this EMU, which are considered representative of these catches. Hence, quality data does not comprise all available quality data in this EMU, these are reported in seperate (QUAL) series"
"DE_Schl_Schlei_DCF_MO_S";"DE_Schl";2015;"S";58;704.724137931035;798.879310344828;5.64285714285714;1;1;704.724137931035;798.879310344828;5.64285714285714;NA;NA;NA;NA;NA;22.2357142857143;NA;NA;NA;NA;NA;NA;NA;NA;NA;NA;"Not necessarily representative for EMU, summarizes all landings sub-samples from single or multiple fishermen in this EMU, which are considered representative of these catches. Hence, quality data does not comprise all available quality data in this EMU, these are reported in seperate (QUAL) series"
"DE_Schl_Schlei_DCF_MO_S";"DE_Schl";2017;"S";4;725;894.25;NA;1;1;725;894.25;NA;NA;NA;NA;NA;NA;NA;NA;NA;NA;NA;NA;NA;NA;NA;NA;NA;"Not necessarily representative for EMU, summarizes all landings sub-samples from single or multiple fishermen in this EMU, which are considered representative of these catches. Hence, quality data does not comprise all available quality data in this EMU, these are reported in seperate (QUAL) series"
"DE_Schl_Schlei_DCF_MO_S";"DE_Schl";2022;"S";35;666.542857142857;599.294628571429;NA;1;NA;666.542857142857;599.294628571429;NA;NA;NA;NA;NA;NA;NA;NA;NA;NA;NA;NA;NA;NA;NA;NA;NA;"Not necessarily representative for EMU, summarizes all landings sub-samples from single or multiple fishermen in this EMU, which are considered representative of these catches. Hence, quality data does not comprise all available quality data in this EMU, these are reported in seperate (QUAL) series"
"DE_Schl_Schlei_DCF_MO_Y";"DE_Schl";2011;"Y";5;690;610.2;10.6;1;1;690;610.2;10.6;NA;NA;NA;1;1;23.28;NA;NA;NA;NA;NA;NA;NA;NA;NA;NA;"Not necessarily representative for EMU, summarizes all landings sub-samples from single or multiple fishermen in this EMU, which are considered representative of these catches. Hence, quality data does not comprise all available quality data in this EMU, these are reported in seperate (QUAL) series"
"DE_Schl_Schlei_DCF_MO_Y";"DE_Schl";2012;"Y";14;571.428571428571;334.785714285714;6.57142857142857;1;1;571.428571428571;334.785714285714;6.57142857142857;NA;NA;NA;1;1;18.7857142857143;NA;NA;9.25673981833333;NA;NA;NA;NA;NA;NA;NA;"Not necessarily representative for EMU, summarizes all landings sub-samples from single or multiple fishermen in this EMU, which are considered representative of these catches. Hence, quality data does not comprise all available quality data in this EMU, these are reported in seperate (QUAL) series"
"DE_Schl_Schlei_DCF_MO_Y";"DE_Schl";2013;"Y";53;513.396226415094;282.132075471698;6.6;1;1;513.396226415094;282.132075471698;6.6;NA;NA;NA;0.961538461538462;0.961538461538462;NA;NA;NA;NA;NA;NA;NA;NA;NA;NA;NA;"Not necessarily representative for EMU, summarizes all landings sub-samples from single or multiple fishermen in this EMU, which are considered representative of these catches. Hence, quality data does not comprise all available quality data in this EMU, these are reported in seperate (QUAL) series"
"DE_Schl_Schlei_DCF_MO_Y";"DE_Schl";2014;"Y";56;491.071428571429;259.75;4.7962962962963;0.981818181818182;1;494.074074074074;265.111111111111;4.75;380;104;4;NA;NA;21.56875;NA;NA;NA;NA;NA;NA;NA;NA;NA;NA;"Not necessarily representative for EMU, summarizes all landings sub-samples from single or multiple fishermen in this EMU, which are considered representative of these catches. Hence, quality data does not comprise all available quality data in this EMU, these are reported in seperate (QUAL) series"
"DE_Schl_Schlei_DCF_MO_Y";"DE_Schl";2015;"Y";48;663.125;611.354166666667;5.0625;1;1;663.125;611.354166666667;5.0625;NA;NA;NA;NA;NA;22.2333333333333;NA;NA;NA;NA;NA;NA;NA;NA;NA;NA;"Not necessarily representative for EMU, summarizes all landings sub-samples from single or multiple fishermen in this EMU, which are considered representative of these catches. Hence, quality data does not comprise all available quality data in this EMU, these are reported in seperate (QUAL) series"
"DE_Schl_Schlei_DCF_MO_Y";"DE_Schl";2017;"Y";8;607.5;489.5;NA;1;1;607.5;489.5;NA;NA;NA;NA;NA;NA;NA;NA;NA;NA;NA;NA;NA;NA;NA;NA;NA;"Not necessarily representative for EMU, summarizes all landings sub-samples from single or multiple fishermen in this EMU, which are considered representative of these catches. Hence, quality data does not comprise all available quality data in this EMU, these are reported in seperate (QUAL) series"
"DE_Schl_Schlei_DCF_MO_Y";"DE_Schl";2022;"Y";70;650.289285714286;522.561771428571;NA;NA;NA;NA;NA;NA;NA;NA;NA;NA;NA;NA;NA;NA;NA;NA;NA;NA;NA;NA;NA;NA;"Not necessarily representative for EMU, summarizes all landings sub-samples from single or multiple fishermen in this EMU, which are considered representative of these catches. Hence, quality data does not comprise all available quality data in this EMU, these are reported in seperate (QUAL) series"
"DE_Schl_Schlei_QUAL_teq_MO_S";"DE_Schl";2012;"S";2;655;620;13;1;1;655;620;13;NA;NA;NA;1;1;21.25;NA;NA;4.254460743;NA;NA;NA;NA;NA;NA;NA;"Not necessarily representative for EMU, summarizes data of all eels sampled for the respective quality indicator within the DCF in the respective year. Samples were likely selected due to pre-defined criteria (e.g. large silver eels), depending on the intention of sampling"
"DE_Schl_Schlei_QUAL_teq_MO_Y";"DE_Schl";2012;"Y";3;710;628;8;1;1;710;628;8;NA;NA;NA;1;1;23.5333333333333;NA;NA;9.25673981833333;NA;NA;NA;NA;NA;NA;NA;"Not necessarily representative for EMU, summarizes data of all eels sampled for the respective quality indicator within the DCF in the respective year. Samples were likely selected due to pre-defined criteria (e.g. large silver eels), depending on the intention of sampling"
"DE_Warn_Other_DCF_F_S";"DE_Warn";2011;"S";57;509.802631578947;265.458456140351;9.44642857142857;0.508771929824561;1;602.275862068965;401.274482758621;10.2413793103448;414.026785714286;124.791857142857;8.59259259259259;0.842105263157895;0.842105263157895;26.8210526315789;NA;NA;NA;NA;NA;NA;NA;NA;NA;NA;"Not necessarily representative for EMU, summarizes all landings sub-samples from single or multiple fishermen in this EMU, which are considered representative of these catches. Hence, quality data does not comprise all available quality data in this EMU, these are reported in seperate (QUAL) series"
"DE_Warn_Other_DCF_F_S";"DE_Warn";2012;"S";24;686.322916666667;720.028333333333;14.6086956521739;0.916666666666667;0.958333333333333;711.443181818182;770.626181818182;14.5714285714286;410;163.452;15;1;1;25.052380952381;NA;NA;NA;NA;NA;NA;NA;NA;NA;NA;"Not necessarily representative for EMU, summarizes all landings sub-samples from single or multiple fishermen in this EMU, which are considered representative of these catches. Hence, quality data does not comprise all available quality data in this EMU, these are reported in seperate (QUAL) series"
"DE_Warn_Other_DCF_F_S";"DE_Warn";2013;"S";63;745.349206349206;937.864825396825;15.6666666666667;0.984126984126984;1;749.104838709677;946.177032258065;15.7096774193548;512.5;422.508;13;0.666666666666667;0.666666666666667;NA;NA;NA;NA;NA;NA;NA;NA;NA;NA;NA;"Not necessarily representative for EMU, summarizes all landings sub-samples from single or multiple fishermen in this EMU, which are considered representative of these catches. Hence, quality data does not comprise all available quality data in this EMU, these are reported in seperate (QUAL) series"
"DE_Warn_Other_DCF_F_S";"DE_Warn";2014;"S";60;739;941.35;16.4333333333333;0.966666666666667;1;750.51724137931;969.879310344828;16.5;405;114;14.5;NA;NA;NA;NA;NA;NA;NA;NA;NA;NA;NA;NA;NA;"Not necessarily representative for EMU, summarizes all landings sub-samples from single or multiple fishermen in this EMU, which are considered representative of these catches. Hence, quality data does not comprise all available quality data in this EMU, these are reported in seperate (QUAL) series"
"DE_Warn_Other_DCF_F_S";"DE_Warn";2015;"S";21;617.440476190476;489.230095238095;NA;0.80952380952381;NA;663.235294117647;575.196235294118;NA;422.8125;123.874;NA;NA;NA;NA;NA;NA;NA;NA;NA;NA;NA;NA;NA;NA;"Not necessarily representative for EMU, summarizes all landings sub-samples from single or multiple fishermen in this EMU, which are considered representative of these catches. Hence, quality data does not comprise all available quality data in this EMU, these are reported in seperate (QUAL) series"
"DE_Warn_Other_DCF_F_Y";"DE_Warn";2011;"Y";15;556.916666666667;360.485333333333;9.26666666666667;0.866666666666667;1;584.25;401.157230769231;9.84615384615385;379.25;96.118;5.5;0.733333333333333;0.733333333333333;25.9866666666667;NA;NA;NA;NA;NA;NA;NA;NA;NA;NA;"Not necessarily representative for EMU, summarizes all landings sub-samples from single or multiple fishermen in this EMU, which are considered representative of these catches. Hence, quality data does not comprise all available quality data in this EMU, these are reported in seperate (QUAL) series"
"DE_Warn_Other_DCF_F_Y";"DE_Warn";2012;"Y";81;610.444444444444;429.285185185185;12.675;1;1;610.444444444444;429.285185185185;12.675;NA;NA;NA;1;1;25.51;NA;NA;NA;NA;NA;NA;NA;NA;NA;NA;"Not necessarily representative for EMU, summarizes all landings sub-samples from single or multiple fishermen in this EMU, which are considered representative of these catches. Hence, quality data does not comprise all available quality data in this EMU, these are reported in seperate (QUAL) series"
"DE_Warn_Other_DCF_F_Y";"DE_Warn";2013;"Y";54;625.166666666667;479.048222222222;13.4814814814815;0.833333333333333;1;589.5;393.1096;12.2;430.5;156.256;11;0.5;0.5;NA;NA;NA;NA;NA;NA;NA;NA;NA;NA;NA;"Not necessarily representative for EMU, summarizes all landings sub-samples from single or multiple fishermen in this EMU, which are considered representative of these catches. Hence, quality data does not comprise all available quality data in this EMU, these are reported in seperate (QUAL) series"
"DE_Warn_Other_DCF_F_Y";"DE_Warn";2014;"Y";34;587.941176470588;410.764705882353;12;1;1;587.941176470588;410.764705882353;12;NA;NA;NA;NA;NA;NA;NA;NA;NA;NA;NA;NA;NA;NA;NA;NA;"Not necessarily representative for EMU, summarizes all landings sub-samples from single or multiple fishermen in this EMU, which are considered representative of these catches. Hence, quality data does not comprise all available quality data in this EMU, these are reported in seperate (QUAL) series"
"DE_Warn_Other_DCF_F_Y";"DE_Warn";2015;"Y";6;546.666666666667;313.711333333333;NA;NA;NA;NA;NA;NA;NA;NA;NA;NA;NA;NA;NA;NA;NA;NA;NA;NA;NA;NA;NA;NA;"Not necessarily representative for EMU, summarizes all landings sub-samples from single or multiple fishermen in this EMU, which are considered representative of these catches. Hence, quality data does not comprise all available quality data in this EMU, these are reported in seperate (QUAL) series"
"DE_Warn_Other_DCF_MO_S";"DE_Warn";2013;"S";39;832.564102564103;1253.5641025641;10.7948717948718;1;1;832.564102564103;1253.5641025641;10.7948717948718;NA;NA;NA;0.564102564102564;0.564102564102564;NA;NA;NA;NA;NA;NA;NA;NA;NA;NA;NA;"Not necessarily representative for EMU, summarizes all landings sub-samples from single or multiple fishermen in this EMU, which are considered representative of these catches. Hence, quality data does not comprise all available quality data in this EMU, these are reported in seperate (QUAL) series"
"DE_Warn_Other_DCF_MO_S";"DE_Warn";2014;"S";15;827.333333333333;1247.13333333333;10.3333333333333;1;1;827.333333333333;1247.13333333333;10.3333333333333;NA;NA;NA;NA;NA;NA;NA;NA;NA;NA;NA;NA;NA;NA;NA;NA;"Not necessarily representative for EMU, summarizes all landings sub-samples from single or multiple fishermen in this EMU, which are considered representative of these catches. Hence, quality data does not comprise all available quality data in this EMU, these are reported in seperate (QUAL) series"
"DE_Warn_Other_DCF_MO_Y";"DE_Warn";2013;"Y";2;765;888;10;1;1;765;888;10;NA;NA;NA;0.5;0.5;NA;NA;NA;NA;NA;NA;NA;NA;NA;NA;NA;"Not necessarily representative for EMU, summarizes all landings sub-samples from single or multiple fishermen in this EMU, which are considered representative of these catches. Hence, quality data does not comprise all available quality data in this EMU, these are reported in seperate (QUAL) series"
"DE_Warn_Other_DCF_MO_Y";"DE_Warn";2014;"Y";6;781.666666666667;965.666666666667;8.16666666666667;1;1;781.666666666667;965.666666666667;8.16666666666667;NA;NA;NA;NA;NA;NA;NA;NA;NA;NA;NA;NA;NA;NA;NA;NA;"Not necessarily representative for EMU, summarizes all landings sub-samples from single or multiple fishermen in this EMU, which are considered representative of these catches. Hence, quality data does not comprise all available quality data in this EMU, these are reported in seperate (QUAL) series"
"DE_Wese_Weser_DCF_F_S";"DE_Wese";2011;"S";42;784.52380952381;1116.35714285714;10.5952380952381;1;1;784.52380952381;1116.35714285714;10.5952380952381;NA;NA;NA;0.705882352941177;0.705882352941177;22.2428571428571;NA;NA;NA;NA;NA;NA;NA;NA;NA;NA;"Not necessarily representative for EMU, summarizes all landings sub-samples from single or multiple fishermen in this EMU, which are considered representative of these catches. Hence, quality data does not comprise all available quality data in this EMU, these are reported in seperate (QUAL) series"
"DE_Wese_Weser_DCF_F_S";"DE_Wese";2012;"S";2;400;200.5;7.5;0;1;NA;NA;NA;400;200.5;7.5;0.5;0.5;33.65;NA;NA;NA;NA;NA;NA;NA;NA;NA;NA;"Not necessarily representative for EMU, summarizes all landings sub-samples from single or multiple fishermen in this EMU, which are considered representative of these catches. Hence, quality data does not comprise all available quality data in this EMU, these are reported in seperate (QUAL) series"
"DE_Wese_Weser_DCF_F_S";"DE_Wese";2013;"S";25;635.07;532.3832;14.92;0.96;1;646.583333333333;550.925;14.7916666666667;358.75;87.38;18;NA;NA;NA;NA;NA;NA;NA;NA;NA;NA;NA;NA;NA;"Not necessarily representative for EMU, summarizes all landings sub-samples from single or multiple fishermen in this EMU, which are considered representative of these catches. Hence, quality data does not comprise all available quality data in this EMU, these are reported in seperate (QUAL) series"
"DE_Wese_Weser_DCF_F_S";"DE_Wese";2014;"S";32;664.0625;691.25;10.09375;0.90625;1;688.275862068965;740;10.3793103448276;430;220;7.33333333333333;NA;NA;21.7724137931034;NA;NA;NA;NA;NA;NA;NA;NA;NA;NA;"Not necessarily representative for EMU, summarizes all landings sub-samples from single or multiple fishermen in this EMU, which are considered representative of these catches. Hence, quality data does not comprise all available quality data in this EMU, these are reported in seperate (QUAL) series"
"DE_Wese_Weser_DCF_F_S";"DE_Wese";2015;"S";73;730.150684931507;809.246575342466;12.0952380952381;1;1;730.150684931507;809.246575342466;12.0952380952381;NA;NA;NA;NA;NA;21.3293023255814;NA;NA;NA;NA;NA;NA;NA;NA;NA;NA;"Not necessarily representative for EMU, summarizes all landings sub-samples from single or multiple fishermen in this EMU, which are considered representative of these catches. Hence, quality data does not comprise all available quality data in this EMU, these are reported in seperate (QUAL) series"
"DE_Wese_Weser_DCF_F_S";"DE_Wese";2016;"S";1;320;119;NA;0;1;NA;NA;NA;320;119;NA;NA;NA;16.7;NA;NA;NA;NA;NA;NA;NA;NA;NA;NA;"Not necessarily representative for EMU, summarizes all landings sub-samples from single or multiple fishermen in this EMU, which are considered representative of these catches. Hence, quality data does not comprise all available quality data in this EMU, these are reported in seperate (QUAL) series"
"DE_Wese_Weser_DCF_F_S";"DE_Wese";2017;"S";208;660.322309615385;619.692307692308;NA;0.961538461538462;NA;671.5104;633.775;NA;380.62005;267.625;NA;NA;NA;NA;NA;NA;NA;NA;NA;NA;NA;NA;NA;NA;"Not necessarily representative for EMU, summarizes all landings sub-samples from single or multiple fishermen in this EMU, which are considered representative of these catches. Hence, quality data does not comprise all available quality data in this EMU, these are reported in seperate (QUAL) series"
"DE_Wese_Weser_DCF_F_Y";"DE_Wese";2011;"Y";46;727.826086956522;774.739130434783;9.54347826086956;1;1;727.826086956522;774.739130434783;9.54347826086956;NA;NA;NA;0.789473684210526;0.789473684210526;22.4326086956522;NA;NA;NA;NA;NA;NA;NA;NA;NA;NA;"Not necessarily representative for EMU, summarizes all landings sub-samples from single or multiple fishermen in this EMU, which are considered representative of these catches. Hence, quality data does not comprise all available quality data in this EMU, these are reported in seperate (QUAL) series"
"DE_Wese_Weser_DCF_F_Y";"DE_Wese";2012;"Y";96;538.645833333333;281.208333333333;7.1875;1;1;538.645833333333;281.208333333333;7.1875;NA;NA;NA;0.858695652173913;0.858695652173913;22.275;NA;NA;NA;NA;NA;NA;NA;NA;NA;NA;"Not necessarily representative for EMU, summarizes all landings sub-samples from single or multiple fishermen in this EMU, which are considered representative of these catches. Hence, quality data does not comprise all available quality data in this EMU, these are reported in seperate (QUAL) series"
"DE_Wese_Weser_DCF_F_Y";"DE_Wese";2013;"Y";88;579.036931818182;346.152636363636;7.75862068965517;1;1;578.505747126437;344.885057471264;7.68604651162791;NA;NA;NA;NA;NA;NA;NA;NA;NA;NA;NA;NA;NA;NA;NA;NA;"Not necessarily representative for EMU, summarizes all landings sub-samples from single or multiple fishermen in this EMU, which are considered representative of these catches. Hence, quality data does not comprise all available quality data in this EMU, these are reported in seperate (QUAL) series"
"DE_Wese_Weser_DCF_F_Y";"DE_Wese";2014;"Y";78;426.923076923077;152.166666666667;5.75324675324675;0.987012987012987;0.987179487179487;429.736842105263;154.697368421053;5.8;310;48;5;NA;NA;16.36;NA;NA;NA;NA;NA;NA;NA;NA;NA;NA;"Not necessarily representative for EMU, summarizes all landings sub-samples from single or multiple fishermen in this EMU, which are considered representative of these catches. Hence, quality data does not comprise all available quality data in this EMU, these are reported in seperate (QUAL) series"
"DE_Wese_Weser_DCF_F_Y";"DE_Wese";2015;"Y";40;578.75;393.125;8.35897435897436;1;1;578.75;393.125;8.35897435897436;NA;NA;NA;NA;NA;22.9636363636364;NA;NA;NA;NA;NA;NA;NA;NA;NA;NA;"Not necessarily representative for EMU, summarizes all landings sub-samples from single or multiple fishermen in this EMU, which are considered representative of these catches. Hence, quality data does not comprise all available quality data in this EMU, these are reported in seperate (QUAL) series"
"DE_Wese_Weser_DCF_F_Y";"DE_Wese";2016;"Y";85;472.117647058824;207.564705882353;NA;1;1;472.117647058824;207.564705882353;NA;NA;NA;NA;NA;NA;20.5785714285714;NA;NA;NA;NA;NA;NA;NA;NA;NA;NA;"Not necessarily representative for EMU, summarizes all landings sub-samples from single or multiple fishermen in this EMU, which are considered representative of these catches. Hence, quality data does not comprise all available quality data in this EMU, these are reported in seperate (QUAL) series"
"DE_Wese_Weser_DCF_F_Y";"DE_Wese";2017;"Y";57;677.065087719298;565.368421052632;NA;NA;NA;NA;NA;NA;NA;NA;NA;NA;NA;NA;NA;NA;NA;NA;NA;NA;NA;NA;NA;NA;"Not necessarily representative for EMU, summarizes all landings sub-samples from single or multiple fishermen in this EMU, which are considered representative of these catches. Hence, quality data does not comprise all available quality data in this EMU, these are reported in seperate (QUAL) series"
